rank,entry_id,molecule,basis,orbital_opt,mapping,ansatz,gap,depth,2q_gates,balanced_score,ccsd_t_correlation,t_gate_estimate,non_clifford_gates,baseline,beats_classical,optimizer,optimiser_family,amplifies,margin,chem_accurate,robustness,at_risk,noise_status,noise_penalty,noisy_gap,zne_residual,noise_model,early_stopped,restarts_used,restarts_requested,n_params
1,H2_ccpvdz_BK_UCCSD_v4_tapered__sha256_ffcf6a5b220b54b6,H2,cc-pvdz,hf,bravyi_kitaev,UCCSD,1.0478180545447913e-09,2,0,0.0,-0.0345867936360591,12,1,True,True,COBYLA,gradient-free,True,0.009999998952181946,True,robust,False,measured,0.0003864199354364217,0.0003864209832540322,1.7174461852675904e-10,depolarizing-current/v1,True,1,10,1
2,H2_ccpvdz_JW_UCCSD_v4_tapered__sha256_93a0f8a8604d9aed,H2,cc-pvdz,hf,jordan_wigner,UCCSD,1.0478180545447913e-09,2,0,0.021739,-0.034586793636058655,12,1,True,True,COBYLA,gradient-free,True,0.009999998952181946,True,robust,False,measured,0.0003864199354364217,0.0003864209832540322,1.7174217603610487e-10,depolarizing-current/v1,True,1,10,1
3,H2_ccpvdz_PAR_UCCSD_v4_tapered__sha256_f208cd1e8667c4bc,H2,cc-pvdz,hf,parity,UCCSD,1.0478180545447913e-09,2,0,0.043478,-0.0345867936360591,12,1,True,True,COBYLA,gradient-free,True,0.009999998952181946,True,robust,False,measured,0.0003864199354364217,0.0003864209832540322,1.7174461852675904e-10,depolarizing-current/v1,True,1,10,1
4,HF_ccpvdz_JW_UCCSD_v4_tapered__sha256_65500d662073f9e4,HF,cc-pvdz,hf,jordan_wigner,UCCSD,1.826691686801496e-09,2,0,0.076087,-0.2106800765422605,12,1,True,True,COBYLA,gradient-free,True,0.009999998173308313,True,robust,False,measured,0.00047374669873079256,0.00047374852542247936,2.106190777340089e-10,depolarizing-current/v1,True,1,10,1
5,HF_ccpvdz_BK_UCCSD_v4_tapered__sha256_9175dd737dc93bed,HF,cc-pvdz,hf,bravyi_kitaev,UCCSD,5.848576734024391e-09,2,0,0.086957,-0.2106800767365371,12,1,True,True,COBYLA,gradient-free,True,0.009999994151423266,True,robust,False,measured,0.000473746696044941,0.00047375254462167504,2.105906560245785e-10,depolarizing-current/v1,True,1,10,1
6,HF_ccpvdz_PAR_UCCSD_v4_tapered__sha256_b7153d9bdf4c7b85,HF,cc-pvdz,hf,parity,UCCSD,5.848576734024391e-09,2,0,0.119565,-0.2106800767365371,12,1,True,True,COBYLA,gradient-free,True,0.009999994151423266,True,robust,False,measured,0.000473746696044941,0.00047375254462167504,2.105906560245785e-10,depolarizing-current/v1,True,1,10,1
7,H2_ccpvdz_BK_HEA_v4_tapered__sha256_aa7360a68d23f35c,H2,cc-pvdz,hf,bravyi_kitaev,hardware_efficient,8.591151123837903e-09,4,0,0.141304,-0.0345867936360591,36,3,True,True,COBYLA,gradient-free,True,0.009999991408848876,True,robust,False,measured,0.0011584871231036242,0.001158495714254526,4.6277739418343344e-09,depolarizing-current/v1,True,1,10,3
8,HF_ccpvdz_JW_HEA_v4_tapered__sha256_94244108ad3c4f44,HF,cc-pvdz,hf,jordan_wigner,hardware_efficient,4.762256367030204e-09,4,0,0.152174,-0.2106800765422605,36,3,True,True,COBYLA,gradient-free,True,0.009999995237743633,True,robust,False,measured,0.001420292807495116,0.001420297569751483,5.673726377608546e-09,depolarizing-current/v1,True,1,10,3
9,H2_ccpvdz_PAR_HEA_v4_tapered__sha256_ffbef22125a8b6c9,H2,cc-pvdz,hf,parity,hardware_efficient,8.591151123837903e-09,4,0,0.173913,-0.0345867936360591,36,3,True,True,COBYLA,gradient-free,True,0.009999991408848876,True,robust,False,measured,0.0011584871231036242,0.001158495714254526,4.6277739418343344e-09,depolarizing-current/v1,True,1,10,3
10,H2_ccpvdz_JW_HEA_v4_tapered__sha256_67c3022f966367ed,H2,cc-pvdz,hf,jordan_wigner,hardware_efficient,1.36132405348377e-08,4,0,0.195652,-0.034586793636058655,36,3,True,True,COBYLA,gradient-free,True,0.009999986386759465,True,robust,False,measured,0.0011584871130656538,0.0011585007263061886,4.627773497745125e-09,depolarizing-current/v1,True,1,10,3
10,HF_ccpvdz_BK_HEA_v4_tapered__sha256_0ac7d9bfa8215995,HF,cc-pvdz,hf,bravyi_kitaev,hardware_efficient,1.272304928079393e-08,4,0,0.195652,-0.2106800767365371,36,3,True,True,COBYLA,gradient-free,True,0.00999998727695072,True,robust,False,measured,0.0014202927916215913,0.001420305514685083,5.6736837450444e-09,depolarizing-current/v1,True,1,10,3
12,HF_ccpvdz_PAR_HEA_v4_tapered__sha256_5b2d8909e49305a9,HF,cc-pvdz,hf,parity,hardware_efficient,1.272304928079393e-08,4,0,0.228261,-0.2106800767365371,36,3,True,True,COBYLA,gradient-free,True,0.00999998727695072,True,robust,False,measured,0.0014202927916215913,0.001420305514685083,5.6736837450444e-09,depolarizing-current/v1,True,1,10,3
13,BeH2_ccpvdz_JW_HEA_v4_tapered__sha256_3a0217702318b7e5,BeH2,cc-pvdz,hf,jordan_wigner,hardware_efficient,5.4250097747399195e-08,8,4,0.26087,-0.06896339711317268,108,9,True,True,COBYLA,gradient-free,True,0.009999945749902253,True,robust,False,measured,0.03438186554974898,0.03438191979985383,3.7755771685965556e-05,depolarizing-current/v1,True,1,10,9
14,BeH2_ccpvdz_PAR_HEA_v4_tapered__sha256_c3c5a76f6786a95b,BeH2,cc-pvdz,hf,parity,hardware_efficient,5.425012261639495e-08,8,4,0.282609,-0.06896339711317268,108,9,True,True,COBYLA,gradient-free,True,0.009999945749877384,True,robust,False,measured,0.034381865553173796,0.03438191980330885,3.7755771685965556e-05,depolarizing-current/v1,True,1,10,9
15,LiH_ccpvdz_JW_HEA_v4_tapered__sha256_f044f66bd4bc8376,LiH,cc-pvdz,hf,jordan_wigner,hardware_efficient,9.583123968592844e-05,10,8,0.402174,-0.03110471625531286,180,15,True,True,COBYLA,gradient-free,True,0.009904168760314072,True,robust,False,measured,0.0871863673267468,0.08728219856642826,0.00018290765653183882,depolarizing-current/v1,True,1,10,15
16,H2O_ccpvdz_JW_HEA_v4_tapered__sha256_6d66b3fceee03e10,H2O,cc-pvdz,hf,jordan_wigner,hardware_efficient,0.0004032122583481623,9,6,0.423913,-0.21634849260681221,144,12,True,True,COBYLA,gradient-free,True,0.009596787741651838,True,robust,False,measured,0.05369874723945145,0.05410195949781382,5.4425158779736194e-05,depolarizing-current/v1,True,1,10,12
16,H2O_ccpvdz_PAR_HEA_v4_tapered__sha256_b50cee1c91dc0410,H2O,cc-pvdz,hf,parity,hardware_efficient,0.00039920839618901027,9,6,0.423913,-0.21634849260681221,144,12,True,True,COBYLA,gradient-free,True,0.00960079160381099,True,robust,False,measured,0.0913566348328061,0.0917558432289951,0.00033326179185166893,depolarizing-current/v1,True,1,10,12
18,BeH2_ccpvdz_PAR_UCCSD_v4_tapered__sha256_fee27caf9110d47f,BeH2,cc-pvdz,hf,parity,UCCSD,2.40350748370588e-06,22,8,0.434783,-0.06896339711317268,264,22,True,True,COBYLA,gradient-free,True,0.009997596492516294,True,robust,False,measured,0.466426035441632,0.46642843894913,0.07140064575873772,depolarizing-current/v1,True,1,10,12
18,H2O_ccpvdz_JW_UCCSD_v4_tapered__sha256_1a15dd08a75640a5,H2O,cc-pvdz,hf,jordan_wigner,UCCSD,1.4370171186328662e-07,34,12,0.434783,-0.21634849260681221,408,34,True,True,COBYLA,gradient-free,True,0.009999856298288137,True,robust,False,measured,0.8933642438577323,0.893364387559501,0.2531690448661834,depolarizing-current/v1,True,1,10,18
20,BeH2_ccpvdz_JW_UCCSD_v4_tapered__sha256_31f7be8f2f7d9f00,BeH2,cc-pvdz,hf,jordan_wigner,UCCSD,6.646118739794815e-06,14,8,0.445652,-0.06896339711317268,168,14,True,True,COBYLA,gradient-free,True,0.009993353881260205,True,robust,False,measured,0.26305581536873746,0.2630624614874879,0.013754596953434728,depolarizing-current/v1,True,1,10,8
21,water_dimer_ccpvdz_JW_HEA_v4_tapered__sha256_bfa557aad3442cc8,water_dimer,cc-pvdz,hf,jordan_wigner,hardware_efficient,0.000331846078381659,10,8,0.478261,-0.43518626663916393,180,15,True,True,COBYLA,gradient-free,True,0.009668153921618341,True,robust,False,measured,0.06253012589937157,0.06286197197744059,0.00013791518537686898,depolarizing-current/v1,True,1,10,15
21,water_dimer_ccpvdz_PAR_HEA_v4_tapered__sha256_f69363eea8e031ae,water_dimer,cc-pvdz,hf,parity,hardware_efficient,0.00011416853590162646,10,8,0.478261,-0.43518626663916393,180,15,True,True,COBYLA,gradient-free,True,0.009885831464098374,True,robust,False,measured,0.0809587766750326,0.08107294521084896,0.0003859411885969166,depolarizing-current/v1,True,1,10,15
23,NH3_ccpvdz_PAR_HEA_v4_tapered__sha256_985901ca28fa7f97,NH3,cc-pvdz,hf,parity,hardware_efficient,0.0007340705941061287,10,8,0.5,-0.2085497803430485,180,15,True,True,COBYLA,gradient-free,True,0.009265929405893871,True,robust,False,measured,0.07998351253110769,0.08071758312523514,0.00037813367611505555,depolarizing-current/v1,True,3,10,15
24,NH3_ccpvdz_JW_HEA_v4_tapered__sha256_07291783190d6a4e,NH3,cc-pvdz,hf,jordan_wigner,hardware_efficient,0.0018800185149174808,10,8,0.51087,-0.2085497803430485,180,15,True,True,COBYLA,gradient-free,True,0.00811998148508252,False,robust,False,measured,0.06728910481692196,0.06916912333185365,0.00036508733536777527,depolarizing-current/v1,True,1,10,15
25,C4H4_ccpvdz_PAR_HEA_v4_casscf_tapered__sha256_8b12a22329451c03,C4H4,cc-pvdz,casscf,parity,hardware_efficient,0.003834127348710581,10,8,0.521739,-0.5957454437906335,180,15,True,True,COBYLA,gradient-free,True,0.006165872651289419,False,fragile,False,measured,0.0794738916711708,0.08330801902019402,0.0004967135767230957,depolarizing-current/v1,True,3,10,15
25,water_dimer_ccpvdz_JW_UCCSD_v4_tapered__sha256_6383f47170758daa,water_dimer,cc-pvdz,hf,jordan_wigner,UCCSD,1.925048366047122e-06,105,20,0.521739,-0.43518626663916393,1308,109,True,True,COBYLA,gradient-free,True,0.009998074951633953,True,robust,False,measured,1.3323597527712252,1.3323616778193355,1.0443248438823503,depolarizing-current/v1,True,1,10,56
27,LiH_ccpvdz_PAR_HEA_v4_tapered__sha256_b4373017ff3b1438,LiH,cc-pvdz,hf,parity,hardware_efficient,0.0033701612450824925,10,8,0.532609,-0.03110471625531286,180,15,True,True,COBYLA,gradient-free,True,0.006629838754917508,False,robust,False,measured,0.09563332193777628,0.09900348318285436,0.00023195099415396214,depolarizing-current/v1,True,1,10,15
28,LiH_ccpvdz_JW_UCCSD_v4_tapered__sha256_21e143f12ed3a4b6,LiH,cc-pvdz,hf,jordan_wigner,UCCSD,2.86281920214293e-06,110,24,0.554348,-0.03110471625531286,1320,110,True,True,COBYLA,gradient-free,True,0.009997137180797857,True,robust,False,measured,2.7197386148057356,2.71974147762493,1.97174670717322,depolarizing-current/v1,True,1,10,56
28,water_dimer_ccpvdz_JW_ADAPT_v4_tapered__sha256_3e0a9ef75a4bc666,water_dimer,cc-pvdz,hf,jordan_wigner,adapt,0.00011094360610286458,20,14,0.554348,-0.43518626663916393,96,8,True,True,ADAPT-VQE/COBYLA,gradient-free,False,0.009889056393897136,True,robust,False,measured,0.06591933067565492,0.06603027428150199,0.0003326189988115402,depolarizing-current/v1,True,1,3,1
30,H2CO_ccpvdz_JW_ADAPT_v4_tapered__sha256_09d774c657fca512,H2CO,cc-pvdz,hf,jordan_wigner,adapt,0.0011239470076560565,20,14,0.597826,-0.34504746695471056,96,8,True,True,ADAPT-VQE/COBYLA,gradient-free,False,0.008876052992343944,True,robust,False,measured,0.08168227341720069,0.08280622042487096,0.0006822005938289522,depolarizing-current/v1,True,1,3,1
30,NH3_ccpvdz_JW_UCCSD_v4_tapered__sha256_bff85ae0c8311f46,NH3,cc-pvdz,hf,jordan_wigner,UCCSD,3.244514518740971e-05,120,24,0.597826,-0.2085497803430485,1500,125,True,True,COBYLA,gradient-free,True,0.00996755485481259,True,robust,False,measured,1.3162045448692439,1.3162369900144453,1.0931409357293376,depolarizing-current/v1,True,1,10,64
32,C4H6_ccpvdz_JW_ADAPT_v4_tapered__sha256_d70625e50afebe76,C4H6,cc-pvdz,hf,jordan_wigner,adapt,0.002828578592584563,20,14,0.619565,-0.6258175827057357,96,8,True,True,ADAPT-VQE/COBYLA,gradient-free,False,0.007171421407415437,False,robust,False,measured,0.07781827511749384,0.08064685370990787,0.0008590804188202128,depolarizing-current/v1,True,1,3,1
33,H4_ccpvdz_JW_UCCSD_v4_tapered__sha256_7606caf47ff39f40,H4,cc-pvdz,hf,jordan_wigner,UCCSD,0.002221794896831053,120,24,0.695652,-0.08731157362009423,1500,125,True,True,COBYLA,gradient-free,True,0.007778205103168947,False,robust,False,measured,1.2226725525110174,1.224894347407847,1.091283113102134,depolarizing-current/v1,True,1,3,64
34,H4_ccpvdz_PAR_HEA_v4_tapered__sha256_45b7b6da4d0a0e63,H4,cc-pvdz,hf,parity,hardware_efficient,0.00449225835122169,16,16,0.717391,-0.08731157362009423,300,25,True,True,COBYLA,gradient-free,True,0.005507741648778311,False,robust,False,measured,0.1303447223823464,0.13483698073356631,0.0021212520868090223,depolarizing-current/v1,True,1,10,25
35,C4H4_ccpvdz_JW_HEA_v4_casscf_tapered__sha256_5b0a919ded51c8e6,C4H4,cc-pvdz,casscf,jordan_wigner,hardware_efficient,0.009636802410113887,11,10,0.73913,-0.5957454437906335,216,18,True,True,COBYLA,gradient-free,True,0.00036319758988611305,False,marginal,False,measured,0.09730475808274264,0.10694156049311232,0.0008910950367351234,depolarizing-current/v1,True,8,10,18
36,H4_ccpvdz_JW_HEA_v4_tapered__sha256_2cb5ee33e450acbd,H4,cc-pvdz,hf,jordan_wigner,hardware_efficient,0.00928260877656717,16,16,0.782609,-0.08731157362009423,300,25,True,True,COBYLA,gradient-free,True,0.0007173912234328308,False,robust,False,measured,0.12676994520176166,0.1360525539783266,0.0021492076422817696,depolarizing-current/v1,True,1,10,25
37,C4H4_ccpvdz_JW_ADAPT_v4_casscf_tapered__sha256_c9726695d8bdde1d,C4H4,cc-pvdz,casscf,jordan_wigner,adapt,0.005963395686137574,20,28,0.793478,-0.5957454437906335,192,16,True,True,ADAPT-VQE/COBYLA,gradient-free,False,0.0040366043138624266,False,robust,False,measured,0.16788866297059712,0.17385205865701892,0.004536815513915826,depolarizing-current/v1,True,1,3,2
37,N2_ccpvdz_PAR_HEA_v4_casscf_tapered__sha256_1092269e3f92c847,N2,cc-pvdz,casscf,parity,hardware_efficient,0.004403958606530978,37,70,0.793478,-0.32484132984853886,1056,88,True,True,L-BFGS-B,gradient-based,False,0.0055960413934690225,False,fragile,False,measured,1.352854471578354,1.3572584301848136,0.2273616191095158,depolarizing-current/v1,True,2,5,88
39,H4_ccpvdz_JW_ADAPT_v4_tapered__sha256_39f9134a722ad612,H4,cc-pvdz,hf,jordan_wigner,adapt,0.009941708740167421,20,14,0.804348,-0.08731157362009423,96,8,True,True,ADAPT-VQE/COBYLA,gradient-free,False,5.829125983257931e-05,False,robust,False,measured,0.1261581394266642,0.1360998481668303,0.002270282973228177,depolarizing-current/v1,True,1,3,1
39,N2_ccpvdz_JW_HEA_v4_casscf_tapered__sha256_17841edecba23ac1,N2,cc-pvdz,casscf,jordan_wigner,hardware_efficient,0.004513207152243126,37,70,0.804348,-0.3248413299058228,1056,88,True,True,L-BFGS-B,gradient-based,False,0.005486792847756874,False,fragile,False,measured,1.3069224720571102,1.3114356792093815,0.22031111167184747,depolarizing-current/v1,True,1,5,88
41,C4H4_ccpvdz_JW_UCCSD_v4_casscf_tapered__sha256_a26c030f93eb230d,C4H4,cc-pvdz,casscf,jordan_wigner,UCCSD,0.007916757707874922,286,32,0.815217,-0.5957454437906335,3600,300,True,True,COBYLA,gradient-free,True,0.0020832422921250784,False,marginal,False,measured,1.1637251183085766,1.1716418760167073,1.15744291786595,depolarizing-current/v1,True,1,10,152
42,benzene_ccpvdz_JW_HEA_v4_casscf_tapered__sha256_6c49b2e94f84aa30,benzene,cc-pvdz,casscf,jordan_wigner,hardware_efficient,0.008740936411612665,38,80,0.858696,-0.8738077323259574,1188,99,True,True,L-BFGS-B,gradient-based,False,0.0012590635883873349,False,robust,False,measured,0.7942665308453627,0.8030074672571175,0.13529252312795848,depolarizing-current/v1,True,1,5,99
43,N2_ccpvdz_JW_ADAPT_v4_casscf_tapered__sha256_850d9d253b878943,N2,cc-pvdz,casscf,jordan_wigner,adapt,0.008830610582577947,378,350,0.891304,-0.3248413299058228,2400,200,True,True,ADAPT-VQE/COBYLA,gradient-free,False,0.0011693894174220534,False,robust,False,measured,3.209997199452445,3.218827810035023,2.8689656618180948,depolarizing-current/v1,True,1,3,25
44,H6_ccpvdz_JW_ADAPT_v4_casscf_tapered__sha256_def5987c2958af93,H6,cc-pvdz,casscf,jordan_wigner,adapt,0.00927283033905768,370,392,0.913043,-0.13578138010446583,2688,224,True,True,ADAPT-VQE/COBYLA,gradient-free,False,0.0007271696609423197,False,robust,False,measured,2.3010173934344014,2.3102902237734586,1.9099251140374651,depolarizing-current/v1,True,1,3,28
44,benzene_ccpvdz_JW_ADAPT_v4_casscf_tapered__sha256_6a02a889695ff913,benzene,cc-pvdz,casscf,jordan_wigner,adapt,0.009539714606773941,100,154,0.913043,-0.8738077323259574,1056,88,True,True,ADAPT-VQE/COBYLA,gradient-free,False,0.00046028539322605887,False,robust,False,measured,1.737830570539188,1.747370285145962,1.1476982114869259,depolarizing-current/v1,True,1,3,11
46,H8_ccpvdz_JW_ADAPT_v4_casscf_tapered__sha256_b2328caa5d17467b,H8,cc-pvdz,casscf,jordan_wigner,adapt,0.009796656115030444,1088,1372,0.967391,-0.18466473494252433,9408,784,True,True,ADAPT-VQE/L-BFGS-B,gradient-based,False,0.0002033438849695559,False,robust,False,absent,,,,,True,1,3,98
47,H10_ccpvdz_JW_ADAPT_v4_casscf_tapered__sha256_d2701c2be739db5f,H10,cc-pvdz,casscf,jordan_wigner,adapt,0.009977477498571474,3562,4200,1.0,-0.23375661018505145,28800,2400,True,True,ADAPT-VQE/L-BFGS-B,gradient-based,False,2.252250142852595e-05,False,robust,False,absent,,,,,True,1,3,300
